Nodes,Algorithm,Cost,Time (s),Memory (MB)
12,Twice-Around-the-Tree,405.48,0.01,0.04
12,Christofides,385.79,0.01,0.05
12,Branch and Bound,385.79,1.71,0.07
12,Twice-Around-the-Tree,508.87,0.00,0.04
12,Christofides,460.25,0.01,0.06
12,Branch and Bound,399.93,0.95,0.07
12,Twice-Around-the-Tree,418.51,0.00,0.04
12,Christofides,384.29,0.01,0.05
12,Branch and Bound,350.28,5.05,0.08
14,Twice-Around-the-Tree,458.58,0.00,0.05
14,Christofides,391.72,0.01,0.08
14,Branch and Bound,351.73,6.97,0.08
14,Twice-Around-the-Tree,526.05,0.01,0.04
14,Christofides,458.21,0.01,0.07
14,Branch and Bound,413.39,16.31,0.08
14,Twice-Around-the-Tree,463.23,0.00,0.04
14,Christofides,436.27,0.01,0.07
14,Branch and Bound,399.93,2.04,0.08
16,Twice-Around-the-Tree,433.94,0.00,0.06
16,Christofides,369.28,0.01,0.08
16,Branch and Bound,345.93,65.30,0.10
16,Twice-Around-the-Tree,490.10,0.00,0.05
16,Christofides,441.03,0.01,0.10
16,Branch and Bound,396.62,95.11,0.11
16,Twice-Around-the-Tree,533.88,0.01,0.06
16,Christofides,467.58,0.02,0.09
16,Branch and Bound,423.99,254.29,0.15
18,Twice-Around-the-Tree,465.62,0.01,0.07
18,Christofides,376.64,0.01,0.10
18,Branch and Bound,362.48,156.31,0.12
18,Twice-Around-the-Tree,566.93,0.01,0.06
18,Christofides,450.53,0.01,0.11
18,Branch and Bound,418.15,123.28,0.14
18,Twice-Around-the-Tree,460.59,0.01,0.06
18,Christofides,398.97,0.01,0.10
18,Branch and Bound,396.03,594.84,1.48
20,Twice-Around-the-Tree,568.43,0.01,0.08
20,Christofides,451.31,0.02,0.10
20,Branch and Bound,NA,NA,NA
20,Twice-Around-the-Tree,561.04,0.21,0.10
20,Christofides,475.48,0.01,0.12
20,Branch and Bound,434.80,410.11,0.20
20,Twice-Around-the-Tree,467.19,0.01,0.08
20,Christofides,434.46,0.01,0.11
20,Branch and Bound,429.10,365.04,0.19
22,Twice-Around-the-Tree,550.83,0.01,0.09
22,Christofides,482.09,0.02,0.14
22,Branch and Bound,NA,NA,NA
22,Twice-Around-the-Tree,510.87,0.01,0.09
22,Christofides,481.05,0.01,0.11
22,Branch and Bound,NA,NA,NA
22,Twice-Around-the-Tree,516.82,0.01,0.09
22,Christofides,506.43,0.01,0.13
22,Branch and Bound,NA,NA,NA
24,Twice-Around-the-Tree,502.05,0.02,0.14
24,Christofides,472.03,0.02,0.17
24,Branch and Bound,NA,NA,NA
24,Twice-Around-the-Tree,567.79,0.01,0.12
24,Christofides,468.52,0.02,0.17
24,Branch and Bound,NA,NA,NA
24,Twice-Around-the-Tree,491.85,0.02,0.12
24,Christofides,445.71,0.04,0.17
24,Branch and Bound,NA,NA,NA
26,Twice-Around-the-Tree,668.99,0.02,0.14
26,Christofides,519.99,0.02,0.20
26,Branch and Bound,NA,NA,NA
26,Twice-Around-the-Tree,513.19,0.01,0.13
26,Christofides,430.93,0.02,0.16
26,Branch and Bound,NA,NA,NA
26,Twice-Around-the-Tree,587.30,0.02,0.15
26,Christofides,526.28,0.04,0.18
26,Branch and Bound,NA,NA,NA
28,Twice-Around-the-Tree,597.70,0.01,0.15
28,Christofides,560.20,0.03,0.20
28,Branch and Bound,NA,NA,NA
28,Twice-Around-the-Tree,624.27,0.02,0.15
28,Christofides,536.33,0.03,0.19
28,Branch and Bound,NA,NA,NA
28,Twice-Around-the-Tree,588.49,0.02,0.15
28,Christofides,535.36,0.03,0.20
28,Branch and Bound,NA,NA,NA
30,Twice-Around-the-Tree,597.82,0.03,0.20
30,Christofides,547.88,0.04,0.20
30,Branch and Bound,NA,NA,NA
30,Twice-Around-the-Tree,657.28,0.02,0.17
30,Christofides,569.34,0.04,0.24
30,Branch and Bound,NA,NA,NA
30,Twice-Around-the-Tree,700.60,0.02,0.17
30,Christofides,575.16,0.04,0.23
30,Branch and Bound,NA,NA,NA
