Nodes,Algorithm,Cost,Time (s),Memory (MB)
5,Twice-Around-the-Tree,323.38,0.00,0.01
5,Christofides,316.16,0.00,0.03
5,Branch and Bound,316.16,0.00,0.00
5,Brute Force,316.16,0.01,0.05
5,Twice-Around-the-Tree,382.44,0.00,0.01
5,Christofides,328.63,0.00,0.02
5,Branch and Bound,328.63,0.00,0.00
5,Brute Force,328.63,0.00,0.04
5,Twice-Around-the-Tree,322.48,0.00,0.01
5,Christofides,318.00,0.00,0.02
5,Branch and Bound,318.00,0.00,0.00
5,Brute Force,318.00,0.00,0.04
6,Twice-Around-the-Tree,394.24,0.00,0.01
6,Christofides,329.99,0.00,0.03
6,Branch and Bound,329.99,0.00,0.00
6,Brute Force,329.99,0.02,0.04
6,Twice-Around-the-Tree,445.76,0.00,0.01
6,Christofides,351.02,0.00,0.02
6,Branch and Bound,351.02,0.00,0.00
6,Brute Force,351.02,0.01,0.04
6,Twice-Around-the-Tree,348.46,0.00,0.01
6,Christofides,312.69,0.00,0.03
6,Branch and Bound,312.69,0.00,0.00
6,Brute Force,312.69,0.01,0.04
7,Twice-Around-the-Tree,336.76,0.00,0.02
7,Christofides,303.57,0.00,0.03
7,Branch and Bound,302.98,0.00,0.01
7,Brute Force,302.98,0.08,0.04
7,Twice-Around-the-Tree,372.63,0.00,0.02
7,Christofides,380.44,0.01,0.03
7,Branch and Bound,336.96,0.01,0.01
7,Brute Force,336.96,0.09,0.07
7,Twice-Around-the-Tree,343.39,0.00,0.02
7,Christofides,343.39,0.00,0.03
7,Branch and Bound,343.39,0.01,0.01
7,Brute Force,343.39,0.09,0.04
8,Twice-Around-the-Tree,353.37,0.00,0.02
8,Christofides,321.44,0.00,0.03
8,Branch and Bound,322.83,0.04,0.01
8,Brute Force,321.44,1.33,0.07
8,Twice-Around-the-Tree,429.48,0.00,0.02
8,Christofides,367.09,0.01,0.04
8,Branch and Bound,347.22,0.02,0.01
8,Brute Force,347.22,1.02,0.06
8,Twice-Around-the-Tree,476.50,0.00,0.02
8,Christofides,410.96,0.00,0.04
8,Branch and Bound,386.74,0.01,0.01
8,Brute Force,386.74,0.81,0.06
9,Twice-Around-the-Tree,438.94,0.00,0.03
9,Christofides,393.09,0.01,0.04
9,Branch and Bound,386.62,0.12,0.01
9,Brute Force,386.62,8.56,0.07
9,Twice-Around-the-Tree,365.60,0.00,0.02
9,Christofides,366.27,0.01,0.04
9,Branch and Bound,341.57,0.08,0.01
9,Brute Force,341.57,7.62,0.06
9,Twice-Around-the-Tree,440.95,0.00,0.02
9,Christofides,449.39,0.01,0.04
9,Branch and Bound,394.79,0.07,0.01
9,Brute Force,394.79,9.00,0.06
10,Twice-Around-the-Tree,455.69,0.00,0.03
10,Christofides,377.13,0.00,0.05
10,Branch and Bound,364.32,0.09,0.01
10,Brute Force,364.32,93.71,0.10
10,Twice-Around-the-Tree,356.62,0.00,0.03
10,Christofides,335.57,0.00,0.04
10,Branch and Bound,330.25,0.16,0.01
10,Brute Force,330.25,92.68,0.12
10,Twice-Around-the-Tree,395.04,0.00,0.02
10,Christofides,337.43,0.01,0.04
10,Branch and Bound,337.43,0.12,0.01
10,Brute Force,337.43,94.70,0.09
