Nodes,Algorithm,Normalized Cost,Actual Cost
1002,Twice-Around-the-Tree,2733,357912
1002,Christofides,2314,302600
107,Twice-Around-the-Tree,783,58140
107,Christofides,628,47909
124,Twice-Around-the-Tree,800,74020
124,Christofides,699,64668
136,Twice-Around-the-Tree,1323,137831
136,Christofides,992,103979
144,Twice-Around-the-Tree,764,71169
144,Christofides,740,67621
152,Twice-Around-the-Tree,719,82940
152,Christofides,687,79399
226,Twice-Around-the-Tree,821,108302
226,Christofides,736,95826
264,Twice-Around-the-Tree,959,67204
264,Christofides,785,54476
299,Twice-Around-the-Tree,1594,79149
299,Christofides,1335,63523
439,Twice-Around-the-Tree,1363,147386
439,Christofides,1106,120499
76,Twice-Around-the-Tree,916,149127
76,Christofides,765,121020
