Nodes,Algorithm,Normalized Cost,Actual Cost,Bounds,Actual/Bounds
1002,Twice-Around-the-Tree,2733,357912,259045.0,1.38
1002,Christofides,2314,302600,259045.0,1.17
107,Twice-Around-the-Tree,783,58140,44303.0,1.31
107,Christofides,628,47909,44303.0,1.08
124,Twice-Around-the-Tree,800,74020,59030.0,1.25
124,Christofides,699,64668,59030.0,1.10
136,Twice-Around-the-Tree,1323,137831,96772.0,1.42
136,Christofides,992,103979,96772.0,1.07
144,Twice-Around-the-Tree,764,71169,58537.0,1.22
144,Christofides,740,67621,58537.0,1.16
152,Twice-Around-the-Tree,719,82940,73682.0,1.13
152,Christofides,687,79399,73682.0,1.08
226,Twice-Around-the-Tree,821,108302,80369.0,1.35
226,Christofides,736,95826,80369.0,1.19
264,Twice-Around-the-Tree,959,67204,49135.0,1.37
264,Christofides,785,54476,49135.0,1.11
299,Twice-Around-the-Tree,1594,79149,48191.0,1.64
299,Christofides,1335,63523,48191.0,1.32
439,Twice-Around-the-Tree,1363,147386,107217.0,1.37
439,Christofides,1106,120499,107217.0,1.12
76,Twice-Around-the-Tree,916,149127,108159.0,1.38
76,Christofides,765,121020,108159.0,1.12
